epoch,steps,cosine_pearson,cosine_spearman
2.7777777777777777,1000,0.8392078126222688,0.8389793559818884
