epoch,steps,cosine_pearson,cosine_spearman
2.7777777777777777,1000,0.8249140554431031,0.8237977098135335
