epoch,steps,cosine_pearson,cosine_spearman
2.7777777777777777,1000,0.824195607171961,0.8294402770351761
5.555555555555555,2000,0.8439780381761818,0.8455022441689619
8.333333333333334,3000,0.8484961118724017,0.8494372159376258
