epoch,steps,cosine_pearson,cosine_spearman
2.7777777777777777,1000,0.827402744888286,0.8270375264495359
