epoch,steps,cosine_pearson,cosine_spearman
2.7777777777777777,1000,0.10330222798465255,0.34919714682036507
