epoch,steps,cosine_pearson,cosine_spearman
2.7777777777777777,1000,0.843003124882821,0.8444099875594211
