epoch,steps,cosine_pearson,cosine_spearman
-1,-1,0.4269303954087499,0.5398321208878187
