epoch,steps,cosine_pearson,cosine_spearman
-1,-1,0.8137107049938694,0.8084229716200699
