epoch,steps,cosine_pearson,cosine_spearman
-1,-1,0.7955626799567301,0.7901441010478202
