epoch,steps,cosine_pearson,cosine_spearman
-1,-1,0.31764151603652757,0.4253028989803711
