epoch,steps,cosine_pearson,cosine_spearman
-1,-1,0.8167342323460027,0.8151472766937967
-1,-1,0.8117235998083299,0.8112000515871398
-1,-1,0.8161678470738863,0.815575935965971
-1,-1,0.8139201889915493,0.8103989346434595
