epoch,steps,cosine_pearson,cosine_spearman
-1,-1,0.31764151603652757,0.4253028989803711
-1,-1,0.3176416819652932,0.4253012992630364
-1,-1,nan,nan
