epoch,steps,cosine_pearson,cosine_spearman
0.17394329448599757,1000,nan,nan
0.34788658897199515,2000,nan,nan
0.5218298834579927,3000,nan,nan
0.6957731779439903,4000,nan,nan
0.8697164724299878,5000,nan,nan
