epoch,steps,cosine_pearson,cosine_spearman
1.3908205841446453,1000,0.807193106250464,0.8068257854831974
2.7816411682892905,2000,0.8332189075093919,0.8358744162887962
4.172461752433936,3000,0.8380185680096004,0.8399167874846526
5.563282336578581,4000,0.8410181331157747,0.8431839227693342
6.954102920723226,5000,0.8452682945455707,0.8457671358601074
8.344923504867872,6000,0.8470145766166546,0.8482648977444556
9.735744089012517,7000,0.8481924511097474,0.8486937178078712
