epoch,steps,cosine_pearson,cosine_spearman
0.6954102920723226,1000,0.7612720022346299,0.7610805974837332
1.3908205841446453,2000,0.8124828347662301,0.8128433098829969
2.086230876216968,3000,0.818611676574776,0.8246059415517072
2.7816411682892905,4000,0.8302001121569662,0.8333194366610794
3.477051460361613,5000,0.8394278019933284,0.841101107626323
4.172461752433936,6000,0.8419283998262007,0.843358471347896
4.867872044506258,7000,0.8416797775889603,0.8433019863492972
